"Authors","Author full names","Author(s) ID","Title","Year","Source title","Volume","Issue","Art. No.","Page start","Page end","Page count","Cited by","DOI","Link","Affiliations","Authors with affiliations","Correspondence Address","Editors","Publisher","ISSN","ISBN","CODEN","PubMed ID","Language of Original Document","Abbreviated Source Title","Document Type","Publication Stage","Open Access","Source","EID"
"Stevens S.S.; Stone G.","Stevens, S.S. (57218358149); Stone, Geraldine (36795955900)","57218358149; 36795955900","Finger span: Ratio scale, category scale, and JND scale","1959","Journal of Experimental Psychology","57","2","","91","95","4","39","10.1037/h0048829","https://www.scopus.com/inward/record.uri?eid=2-s2.0-0005507597&doi=10.1037%2fh0048829&partnerID=40&md5=7ac9f17dbc669575abe0cf879d367d1a","","","","","","00221015","","","13641579","English","","Article","Final","","Scopus","2-s2.0-0005507597"
"Stevens S.S.","Stevens, S.S. (57218358149)","57218358149","Tonal density","1934","Journal of Experimental Psychology","17","4","","585","592","7","13","10.1037/h0070991","https://www.scopus.com/inward/record.uri?eid=2-s2.0-0242450500&doi=10.1037%2fh0070991&partnerID=40&md5=ce0774128b6a644774809d638c17a831","","","","","","00221015","","","","English","","Article","Final","","Scopus","2-s2.0-0242450500"
"STEVENS S.S.; STONE G.","STEVENS, S.S. (57218358149); STONE, G. (59580849300)","57218358149; 59580849300","Psychological writing, easy and hard.","1947","The American psychologist","2","7","","230","235","5","20","10.1037/h0062792","https://www.scopus.com/inward/record.uri?eid=2-s2.0-70350427508&doi=10.1037%2fh0062792&partnerID=40&md5=212f3211466cb09fb1ecc57736941c8b","","","","","","0003066X","","","20254703","English","Am Psychol","Article","Final","","Scopus","2-s2.0-70350427508"
"Aiba T.S.; Stevens S.S.","Aiba, T.S. (7005187806); Stevens, S.S. (57218358149)","7005187806; 57218358149","Relation of brightness to duration and luminance under light-and dark-adaptation","1964","Vision Research","4","7-8","","391","401","10","93","10.1016/0042-6989(64)90011-2","https://www.scopus.com/inward/record.uri?eid=2-s2.0-49749216399&doi=10.1016%2f0042-6989%2864%2990011-2&partnerID=40&md5=3e7e4beb17be5dc70bf0ff8793a9d4dc","Laboratory of Psychophysics, Harvard University, Cambridge, MassachusettsUSA","Aiba T.S., Laboratory of Psychophysics, Harvard University, Cambridge, MassachusettsUSA; Stevens S.S., Laboratory of Psychophysics, Harvard University, Cambridge, MassachusettsUSA","","","","00426989","","VISRA","5888611","English","Vis. Res.","Article","Final","","Scopus","2-s2.0-49749216399"
"Stevens S.S.","Stevens, S.S. (57218358149)","57218358149","On the measurement of sensation","1959","Acta Psychologica","15","C","","91","101","10","0","10.1016/0001-6918(59)90018-6","https://www.scopus.com/inward/record.uri?eid=2-s2.0-49749183780&doi=10.1016%2f0001-6918%2859%2990018-6&partnerID=40&md5=eecfdbca3f53ffb597be35c81597aaf1","Harvard University, Cambridge, MA, United States","Stevens S.S., Harvard University, Cambridge, MA, United States","","","","00016918","","APSOA","","English","Acta Psychol.","Conference paper","Final","","Scopus","2-s2.0-49749183780"
"Stevens S.S.","Stevens, S.S. (57218358149)","57218358149","ON THE NEW PSYCHOPHYSICS","1960","Scandinavian Journal of Psychology","1","1","","27","35","8","43","10.1111/j.1467-9450.1960.tb01278.x","https://www.scopus.com/inward/record.uri?eid=2-s2.0-0008466035&doi=10.1111%2fj.1467-9450.1960.tb01278.x&partnerID=40&md5=42a8700540e58d913415bd75cbbcc5ec","Psychological Laboratory, Harvard University, Cambridge, Massachusetts, United States","Stevens S.S., Psychological Laboratory, Harvard University, Cambridge, Massachusetts, United States","","","","00365564","","","","English","Scand. J. Psychol.","Article","Final","","Scopus","2-s2.0-0008466035"
"Stevens S.S.","Stevens, S.S. (57218358149)","57218358149","Pitch Discrimination, Mels, and Kock's Contention","1954","Journal of the Acoustical Society of America","26","6","","1075","1077","2","10","10.1121/1.1907452","https://www.scopus.com/inward/record.uri?eid=2-s2.0-0011232203&doi=10.1121%2f1.1907452&partnerID=40&md5=cf7e529c3e63a60bd3f352f1caf48519","Psycho-Acoustic Laboratory, Harvard University, Cambridge, Massachusetts, United States","Stevens S.S., Psycho-Acoustic Laboratory, Harvard University, Cambridge, Massachusetts, United States","","","","00014966","","","","English","J. Acoust. Soc. Am.","Article","Final","","Scopus","2-s2.0-0011232203"
"Stevens S.S.; Guirao M.","Stevens, S.S. (57218358149); Guirao, Miguelina (6603607306)","57218358149; 6603607306","Loudness functions under inhibition","1967","Perception & Psychophysics","2","10","","459","465","6","80","10.3758/BF03208795","https://www.scopus.com/inward/record.uri?eid=2-s2.0-0010834693&doi=10.3758%2fBF03208795&partnerID=40&md5=02e2d8b2b07150cdf56ed7c0319ed5c6","Harvard university, Harvard, United States","Stevens S.S., Harvard university, Harvard, United States; Guirao M., Harvard university, Harvard, United States","","","","15325962","","PEPSB","","English","Percept. Psychophys.","Article","Final","All Open Access; Bronze Open Access","Scopus","2-s2.0-0010834693"
"Stevens S.S.; Jones R.C.","Stevens, S.S. (57218358149); Jones, R. Clark (56164475200)","57218358149; 56164475200","The Mechanism of Hearing by Electrical Stimulation","1939","Journal of the Acoustical Society of America","10","4","","261","269","8","27","10.1121/1.1915984","https://www.scopus.com/inward/record.uri?eid=2-s2.0-0005480470&doi=10.1121%2f1.1915984&partnerID=40&md5=65bfd2339212974c2059bff2f1b5af5e","Psychological Laboratory, Harvard University, Cambridge, Massachusetts, United States; Research Laboratory of Physics, Harvard University, Cambridge, Massachusetts, United States","Stevens S.S., Psychological Laboratory, Harvard University, Cambridge, Massachusetts, United States; Jones R.C., Research Laboratory of Physics, Harvard University, Cambridge, Massachusetts, United States","","","","00014966","","","","English","J. Acoust. Soc. Am.","Article","Final","","Scopus","2-s2.0-0005480470"
"Stevens S.S.; Guirao M.; Slawson A.W.","Stevens, S.S. (57218358149); Guirao, Miguelina (6603607306); Slawson, A. Wayne (7801335677)","57218358149; 6603607306; 7801335677","Loudness, a product of volume times density","1965","Journal of Experimental Psychology","69","5","","503","510","7","16","10.1037/h0021746","https://www.scopus.com/inward/record.uri?eid=2-s2.0-58149438310&doi=10.1037%2fh0021746&partnerID=40&md5=0761f80f80540b1c1161ebf185a498af","Harvard U.","Stevens S.S., Harvard U.; Guirao M.; Slawson A.W.","","","","00221015","","","14285606","English","","Article","Final","","Scopus","2-s2.0-58149438310"
"Kryter K.D.; Licklier J.C.R.; Stevens S.S.","Kryter, K.D. (7004074959); Licklier, J.C.R. (57043299200); Stevens, S.S. (57218358149)","7004074959; 57043299200; 57218358149","Premodulation Clipping in AM Voice Communication","1947","Journal of the Acoustical Society of America","19","1","","125","131","6","7","10.1121/1.1916409","https://www.scopus.com/inward/record.uri?eid=2-s2.0-77958562119&doi=10.1121%2f1.1916409&partnerID=40&md5=70a09f9c0f6bbba75439e945cade74cc","Psycho-Acoustic Laboratory, Harvard University, Cambridge, Massachusetts, United States","Kryter K.D., Psycho-Acoustic Laboratory, Harvard University, Cambridge, Massachusetts, United States; Licklier J.C.R., Psycho-Acoustic Laboratory, Harvard University, Cambridge, Massachusetts, United States; Stevens S.S., Psycho-Acoustic Laboratory, Harvard University, Cambridge, Massachusetts, United States","","","","00014966","","","","English","J. Acoust. Soc. Am.","Article","Final","","Scopus","2-s2.0-77958562119"
"Stevens S.S.","Stevens, S.S. (57218358149)","57218358149","A scale for the measurement of a psychological magnitude: loudness","1936","Psychological Review","43","5","","405","416","11","135","10.1037/h0058773","https://www.scopus.com/inward/record.uri?eid=2-s2.0-0040351964&doi=10.1037%2fh0058773&partnerID=40&md5=9a90d978ab8122c90baf9dd23a839c96","","","","","","0033295X","","PSRVA","","English","Psychol. Rev.","Article","Final","","Scopus","2-s2.0-0040351964"
"Poulton E.C.; Stevens S.S.","Poulton, E.C. (7003399381); Stevens, S.S. (57218358149)","7003399381; 57218358149","On the Halving and Doubling of the Loudness of White Noise","1955","Journal of the Acoustical Society of America","27","2","","329","331","2","8","10.1121/1.1907524","https://www.scopus.com/inward/record.uri?eid=2-s2.0-33744705417&doi=10.1121%2f1.1907524&partnerID=40&md5=23203c326bbafb91b7d6e1ecdb41d102","Psycho-Acoustic Laboratory, Harvard University, Cambridge, Massachusetts, United States","Poulton E.C., Psycho-Acoustic Laboratory, Harvard University, Cambridge, Massachusetts, United States; Stevens S.S., Psycho-Acoustic Laboratory, Harvard University, Cambridge, Massachusetts, United States","","","","00014966","","","","English","J. Acoust. Soc. Am.","Article","Final","","Scopus","2-s2.0-33744705417"
"Reynolds G.S.; Stevens S.S.","Reynolds, George S. (7201487867); Stevens, S.S. (57218358149)","7201487867; 57218358149","Binaural Summation of Loudness","1960","Journal of the Acoustical Society of America","32","10","","1337","1344","7","83","10.1121/1.1907903","https://www.scopus.com/inward/record.uri?eid=2-s2.0-0000895612&doi=10.1121%2f1.1907903&partnerID=40&md5=289fe71308f69f3a54b1516f4c3923bb","Psychoacoustic Laboratory, Harvard University, Cambridge, Massachusetts, United States","Reynolds G.S., Psychoacoustic Laboratory, Harvard University, Cambridge, Massachusetts, United States; Stevens S.S., Psychoacoustic Laboratory, Harvard University, Cambridge, Massachusetts, United States","","","","00014966","","","","English","J. Acoust. Soc. Am.","Article","Final","","Scopus","2-s2.0-0000895612"
"STEVENS J.C.; STEVENS S.S.","STEVENS, J.C. (7403174928); STEVENS, S.S. (57218358149)","7403174928; 57218358149","Brightness function: effects of adaptation.","1963","Journal of the Optical Society of America","53","","","375","385","10","337","10.1364/JOSA.53.000375","https://www.scopus.com/inward/record.uri?eid=2-s2.0-0001735743&doi=10.1364%2fJOSA.53.000375&partnerID=40&md5=35c21d5d18802d02129967f08cdb63f8","","","","","","00303941","","","13984028","English","J Opt Soc Am","Article","Final","","Scopus","2-s2.0-0001735743"
"Stevens S.S.","Stevens, S.S. (57218358149)","57218358149","Matching functions between loudness and ten other continua1","1966","Perception & Psychophysics","1","1","","5","8","3","100","10.3758/BF03207813","https://www.scopus.com/inward/record.uri?eid=2-s2.0-0008568737&doi=10.3758%2fBF03207813&partnerID=40&md5=fc488839e971278b84e34b47aebe22d8","Laboratory of Psychophysics, Harvard University, United States","Stevens S.S., Laboratory of Psychophysics, Harvard University, United States","","","","15325962","","PEPSB","","English","Percept. Psychophys.","Article","Final","All Open Access; Bronze Open Access","Scopus","2-s2.0-0008568737"
"Davis H.; Hudgins C.V.; Marquis R.J.; Nichols R.H., Jr.; Peterson G.E.; Ross D.A.; Stevens S.S.","Davis, H. (55594961400); Hudgins, C.V. (55562431100); Marquis, R.J. (56665792900); Nichols, R.H. (57206324892); Peterson, G.E. (56817241800); Ross, D.A. (56665595400); Stevens, S.S. (57218358149)","55594961400; 55562431100; 56665792900; 57206324892; 56817241800; 56665595400; 57218358149","The selection of hearing aids","1946","Laryngoscope","56","3","","85","115","30","27","10.1002/lary.5540560302","https://www.scopus.com/inward/record.uri?eid=2-s2.0-84872627829&doi=10.1002%2flary.5540560302&partnerID=40&md5=f6b1c00bad27c7b877205529cbc9a82b","Department of Physiology, Harvard Medical School, Cambridge, MA, United States; Clarke School for the Deaf, Cambridge, MA, United States; North Texas Agricultural College, Cambridge, MA, United States; Bell Telephone Laboratories, Cambridge, MA, United States; Sanborn Co, Cambridge, MA, United States; Psycho-Acoustic Laboratory, Harvard University, Cambridge, MA, United States","Davis H., Department of Physiology, Harvard Medical School, Cambridge, MA, United States; Hudgins C.V., Clarke School for the Deaf, Cambridge, MA, United States; Marquis R.J., North Texas Agricultural College, Cambridge, MA, United States; Nichols R.H., Jr., Bell Telephone Laboratories, Cambridge, MA, United States; Peterson G.E., Bell Telephone Laboratories, Cambridge, MA, United States; Ross D.A., Sanborn Co, Cambridge, MA, United States; Stevens S.S., Psycho-Acoustic Laboratory, Harvard University, Cambridge, MA, United States","","","","0023852X","","","21023149","English","Laryngoscope","Note","Final","","Scopus","2-s2.0-84872627829"
"Stevens S.S.","Stevens, S.S. (57218358149)","57218358149","The Relation of Pitch to Intensity","1935","Journal of the Acoustical Society of America","6","3","","150","154","4","123","10.1121/1.1915715","https://www.scopus.com/inward/record.uri?eid=2-s2.0-0001019347&doi=10.1121%2f1.1915715&partnerID=40&md5=a9435485e35222967adca42ec934e1a6","Harvard University, United States","Stevens S.S., Harvard University, United States","","","","00014966","","","","English","J. Acoust. Soc. Am.","Article","Final","","Scopus","2-s2.0-0001019347"
"Stevens S.S.; Greenbaum H.B.","Stevens, S.S. (57218358149); Greenbaum, Hilda B. (58286304000)","57218358149; 58286304000","Regression effect in psychophysical judgment","1966","Perception & Psychophysics","1","12","","439","446","7","14","10.3758/BF03215821","https://www.scopus.com/inward/record.uri?eid=2-s2.0-84864890317&doi=10.3758%2fBF03215821&partnerID=40&md5=2b3d64804f254f730c6ca03c0e55d1b4","Harvard University, United States","Stevens S.S., Harvard University, United States; Greenbaum H.B., Harvard University, United States","","","","15325962","","PEPSB","","English","Percept. Psychophys.","Article","Final","All Open Access; Bronze Open Access","Scopus","2-s2.0-84864890317"
"Stevens S.S.","Stevens, S.S. (57218358149)","57218358149","Measurement and man","1958","Science","127","3295","","383","389","6","58","10.1126/science.127.3295.383","https://www.scopus.com/inward/record.uri?eid=2-s2.0-0010236207&doi=10.1126%2fscience.127.3295.383&partnerID=40&md5=e05e2eed15a5fa407271e4abd34fa7d3","Psychological Laboratories, Harvard University","Stevens S.S., Psychological Laboratories, Harvard University","","","","00368075","","","13506588","English","","Review","Final","","Scopus","2-s2.0-0010236207"
"TERRACE H.S.; STEVENS S.S.","TERRACE, H.S. (7004305724); STEVENS, S.S. (57218358149)","7004305724; 57218358149","The quantification of tonal volume.","1962","The American journal of psychology","75","","","596","604","8","17","10.2307/1420282","https://www.scopus.com/inward/record.uri?eid=2-s2.0-70350213582&doi=10.2307%2f1420282&partnerID=40&md5=a0e3279f5dffd14fb510d2fe4072f457","","","","","","00029556","","","13980670","English","Am J Psychol","Article","Final","","Scopus","2-s2.0-70350213582"
"Stevens S.S.","Stevens, S.S. (57218358149)","57218358149","On the theory of scales of measurement","1946","Science","103","2684","","677","680","3","2955","10.1126/science.103.2684.677","https://www.scopus.com/inward/record.uri?eid=2-s2.0-33750516992&doi=10.1126%2fscience.103.2684.677&partnerID=40&md5=323c4450b136df6234f83fa1b1a809af","Psycho-Acoustic Laboratory, Harvard University","Stevens S.S., Psycho-Acoustic Laboratory, Harvard University","","","","00368075","","","20984256","English","","Article","Final","","Scopus","2-s2.0-33750516992"
"Stevens S.S.","Stevens, S.S. (57218358149)","57218358149","Concerning the Form of the Loudness Function","1957","Journal of the Acoustical Society of America","29","5","","603","606","3","50","10.1121/1.1908979","https://www.scopus.com/inward/record.uri?eid=2-s2.0-84953653140&doi=10.1121%2f1.1908979&partnerID=40&md5=d7125b5a343054e7c440b4bee09cd13a","PsychoâAcoustic Laboratory, Harvard University, Cambridge 38, Massachusetts, United States","Stevens S.S., PsychoâAcoustic Laboratory, Harvard University, Cambridge 38, Massachusetts, United States","","","","00014966","","","","English","J. Acoust. Soc. Am.","Article","Final","All Open Access; Bronze Open Access","Scopus","2-s2.0-84953653140"
"Stevens S.S.","Stevens, S.S. (57218358149)","57218358149","On the Validity of the Loudness Scale","1959","Journal of the Acoustical Society of America","31","7","","995","1003","8","44","10.1121/1.1907827","https://www.scopus.com/inward/record.uri?eid=2-s2.0-0342429874&doi=10.1121%2f1.1907827&partnerID=40&md5=6c986f96595fe48b97d0f566d41cde2b","Harvard University, Cambridge, Massachusetts, United States","Stevens S.S., Harvard University, Cambridge, Massachusetts, United States","","","","00014966","","","","English","J. Acoust. Soc. Am.","Article","Final","","Scopus","2-s2.0-0342429874"
"Stevens J.C.; Stevens S.S.","Stevens, J.C. (56329881500); Stevens, S.S. (57218358149)","56329881500; 57218358149","Physiological zero and the psychophysical law","1961","Acta Psychologica","19","C","","192","193","1","3","10.1016/s0001-6918(61)80069-3","https://www.scopus.com/inward/record.uri?eid=2-s2.0-58149456133&doi=10.1016%2fs0001-6918%2861%2980069-3&partnerID=40&md5=10e9f555a4b1a1af39da6d17cdb9de8d","","","","","","00016918","","APSOA","","English","Acta Psychol.","Article","Final","","Scopus","2-s2.0-58149456133"
"Davis H.; Lurie M.H.; Stevens S.S.","Davis, H. (55594961400); Lurie, M.H. (35471514600); Stevens, S.S. (57218358149)","55594961400; 35471514600; 57218358149","III. Discussion from the point of view of animal experimentation. LXXVI","1935","Annals of Otology, Rhinology & Laryngology","44","3","","776","777","1","0","10.1177/000348943504400316","https://www.scopus.com/inward/record.uri?eid=2-s2.0-84964101729&doi=10.1177%2f000348943504400316&partnerID=40&md5=aa29c04371e83c3b70e36601bdf85632","Departments of Physiology and of Otology and Laryngology, Harvard Medical School, Boston, United States","Davis H., Departments of Physiology and of Otology and Laryngology, Harvard Medical School, Boston, United States; Lurie M.H., Departments of Physiology and of Otology and Laryngology, Harvard Medical School, Boston, United States; Stevens S.S., Departments of Physiology and of Otology and Laryngology, Harvard Medical School, Boston, United States","","","","00034894","","","","English","Ann. Otol. Rhinol. Laryngol.","Article","Final","","Scopus","2-s2.0-84964101729"
"Stevens S.S.","Stevens, S.S. (57218358149)","57218358149","Procedure for Calculating Loudness: Mark VI","1961","Journal of the Acoustical Society of America","33","11","","1577","1585","8","97","10.1121/1.1908505","https://www.scopus.com/inward/record.uri?eid=2-s2.0-0000054486&doi=10.1121%2f1.1908505&partnerID=40&md5=64d27f0ae450ed0bb661fcb300fc137c","Psycho-Acoustic Laboratory, Harvard University, Cambridge, Massachusetts, United States","Stevens S.S., Psycho-Acoustic Laboratory, Harvard University, Cambridge, Massachusetts, United States","","","","00014966","","","","English","J. Acoust. Soc. Am.","Article","Final","","Scopus","2-s2.0-0000054486"
"Stevens S.S.","Stevens, S.S. (57218358149)","57218358149","On predicting exponents for cross-modality matches","1969","Perception & Psychophysics","6","4","","251","256","5","47","10.3758/BF03207028","https://www.scopus.com/inward/record.uri?eid=2-s2.0-77952681942&doi=10.3758%2fBF03207028&partnerID=40&md5=a146b9f80eea047ae05b16fca342975b","Laboratory of Psychophysics, Harvard University, Cambridge, 02138, Massachusetts, William James Hall, United States","Stevens S.S., Laboratory of Psychophysics, Harvard University, Cambridge, 02138, Massachusetts, William James Hall, United States","","","","15325962","","PEPSB","","English","Percept. Psychophys.","Article","Final","All Open Access; Bronze Open Access","Scopus","2-s2.0-77952681942"
"Davis H.; Hudgins C.V.; Marquis R.J.; Nichols R.H., Jr.; Peterson G.E.; Ross D.A.; Stevens S.S.","Davis, H. (55594961400); Hudgins, C.V. (55562431100); Marquis, R.J. (56665792900); Nichols, R.H. (57206324892); Peterson, G.E. (56817241800); Ross, D.A. (56665595400); Stevens, S.S. (57218358149)","55594961400; 55562431100; 56665792900; 57206324892; 56817241800; 56665595400; 57218358149","The selection of hearing aids","1946","Laryngoscope","56","4","","135","163","28","12","10.1288/00005537-194604000-00002","https://www.scopus.com/inward/record.uri?eid=2-s2.0-84872621750&doi=10.1288%2f00005537-194604000-00002&partnerID=40&md5=637348262209181a1beed0534477e479","Department of Physiology, Harvard Medical School, Cambridge, MA, United States; Clarke School for the Deaf, Cambridge, MA, United States; North Texas Agricultural College, Cambridge, MA, United States; Bell Telephone Laboratories, Cambridge, MA, United States; Sanborn Co., Cambridge, MA, United States; Psycho-Acoustic Laboratory, Harvard University, Cambridge, MA, United States","Davis H., Department of Physiology, Harvard Medical School, Cambridge, MA, United States; Hudgins C.V., Clarke School for the Deaf, Cambridge, MA, United States; Marquis R.J., North Texas Agricultural College, Cambridge, MA, United States; Nichols R.H., Jr., Bell Telephone Laboratories, Cambridge, MA, United States; Peterson G.E., Bell Telephone Laboratories, Cambridge, MA, United States; Ross D.A., Sanborn Co., Cambridge, MA, United States; Stevens S.S., Psycho-Acoustic Laboratory, Harvard University, Cambridge, MA, United States","","","","0023852X","","","21028204","English","Laryngoscope","Note","Final","","Scopus","2-s2.0-84872621750"
"Stevens S.S.; Davis H.; Lurie M.H.","Stevens, S.S. (57218358149); Davis, H. (55594961400); Lurie, M.H. (35471514600)","57218358149; 55594961400; 35471514600","The localization of pitch perception on the basilar membrane","1935","Journal of General Psychology","13","2","","297","315","18","15","10.1080/00221309.1935.9917888","https://www.scopus.com/inward/record.uri?eid=2-s2.0-84910382286&doi=10.1080%2f00221309.1935.9917888&partnerID=40&md5=4380f85ee514a24334fa98f578ab34ef","Departments of Physiology and of Otology and Laryngology, Harvard Medical School, Boston, MA, United States","Stevens S.S., Departments of Physiology and of Otology and Laryngology, Harvard Medical School, Boston, MA, United States; Davis H., Departments of Physiology and of Otology and Laryngology, Harvard Medical School, Boston, MA, United States; Lurie M.H., Departments of Physiology and of Otology and Laryngology, Harvard Medical School, Boston, MA, United States","","","","00221309","","","","English","J. Gen. Psychol.","Article","Final","","Scopus","2-s2.0-84910382286"
"Stevens S.S.","Stevens, S.S. (57218358149)","57218358149","Stability of human performance under intense noise","1972","Journal of Sound and Vibration","21","1","","35","36,IN1,37","","13","10.1016/0022-460X(72)90204-0","https://www.scopus.com/inward/record.uri?eid=2-s2.0-3242672883&doi=10.1016%2f0022-460X%2872%2990204-0&partnerID=40&md5=9ba3a756bf05ec1dea2e7656b8b3645a","Laboratory of Psychophysics, Harvard University, Cambridge, MA 02138, United States","Stevens S.S., Laboratory of Psychophysics, Harvard University, Cambridge, MA 02138, United States","","","","0022460X","","JSVIA","","English","J Sound Vib","Article","Final","","Scopus","2-s2.0-3242672883"
"Stevens S.S.","Stevens, S.S. (57218358149)","57218358149","Intensity functions in sensory systems.","1967","International journal of neurology","6","2","","202","209","7","18","","https://www.scopus.com/inward/record.uri?eid=2-s2.0-0014156223&partnerID=40&md5=ae966c50ad6f47e8085fbf9acab7378b","","","","","","00207446","","","5622716","English","Int J Neurol","Article","Final","","Scopus","2-s2.0-0014156223"
"Hawkins T.E., Jr.; Stevens S.S.","Hawkins, T.E. (57068690400); Stevens, S.S. (57218358149)","57068690400; 57218358149","The Masking of Pure Tones and of Speech by White Noise","1950","Journal of the Acoustical Society of America","22","1","","6","13","7","344","10.1121/1.1906581","https://www.scopus.com/inward/record.uri?eid=2-s2.0-84877491581&doi=10.1121%2f1.1906581&partnerID=40&md5=246fd6c34b1fa456e82e009b2d129e90","Psycho-Acoustic Laboratory, Harvard University, Cambridge, Massachusetts, United States","Hawkins T.E., Jr., Psycho-Acoustic Laboratory, Harvard University, Cambridge, Massachusetts, United States; Stevens S.S., Psycho-Acoustic Laboratory, Harvard University, Cambridge, Massachusetts, United States","","","","00014966","","","","English","J. Acoust. Soc. Am.","Article","Final","","Scopus","2-s2.0-84877491581"
"Stevens S.S.","Stevens, S.S. (57218358149)","57218358149","The operational definition of concepts","1935","Psychological Review","42","6","","517","527","10","87","10.1037/h0056973","https://www.scopus.com/inward/record.uri?eid=2-s2.0-58149439269&doi=10.1037%2fh0056973&partnerID=40&md5=747175598bb2d2bf9323aaeefa7a8ed7","","","","","","0033295X","","PSRVA","","English","Psychol. Rev.","Article","Final","","Scopus","2-s2.0-58149439269"
"Zwicker E.; Flottorp G.; Stevens S.S.","Zwicker, E. (7005751536); Flottorp, G. (6603879076); Stevens, S.S. (57218358149)","7005751536; 6603879076; 57218358149","Critical Band Width in Loudness Summation","1957","Journal of the Acoustical Society of America","29","5","","548","557","9","565","10.1121/1.1908963","https://www.scopus.com/inward/record.uri?eid=2-s2.0-84879052052&doi=10.1121%2f1.1908963&partnerID=40&md5=0cb71f4164a4ae4070043ee68f37592d","PsychoâAcoustic Laboratory, Harvard University, Cambridge, Massachusetts, United States","Zwicker E., PsychoâAcoustic Laboratory, Harvard University, Cambridge, Massachusetts, United States; Flottorp G., PsychoâAcoustic Laboratory, Harvard University, Cambridge, Massachusetts, United States; Stevens S.S., PsychoâAcoustic Laboratory, Harvard University, Cambridge, Massachusetts, United States","","","","00014966","","","","English","J. Acoust. Soc. Am.","Article","Final","","Scopus","2-s2.0-84879052052"
"Stevens S.S.; Volkmann J.; Newman E.B.","Stevens, S.S. (57218358149); Volkmann, J. (57068755500); Newman, E.B. (57206131057)","57218358149; 57068755500; 57206131057","A Scale for the Measurement of the Psychological Magnitude Pitch","1937","Journal of the Acoustical Society of America","8","3","","185","190","5","742","10.1121/1.1915893","https://www.scopus.com/inward/record.uri?eid=2-s2.0-84955035459&doi=10.1121%2f1.1915893&partnerID=40&md5=8ec592203582ad56bb5a03c4d5460a78","Harvard University, Cambridge, Massachusetts, United States; Swarthmore College, Swarthmore, Pennsylvania, United States","Stevens S.S., Harvard University, Cambridge, Massachusetts, United States; Volkmann J., Harvard University, Cambridge, Massachusetts, United States; Newman E.B., Swarthmore College, Swarthmore, Pennsylvania, United States","","","","00014966","","","","English","J. Acoust. Soc. Am.","Article","Final","","Scopus","2-s2.0-84955035459"
"Stevens S.S.","Stevens, S.S. (57218358149)","57218358149","On the averaging of data","1955","Science","121","3135","","113","116","3","65","10.1126/science.121.3135.113","https://www.scopus.com/inward/record.uri?eid=2-s2.0-0041153003&doi=10.1126%2fscience.121.3135.113&partnerID=40&md5=915ebec983d24b6ebda2981e7fa1c3c0","Psycho-Acoustic Laboratory, Harvard University, Cambridge, MA, United States","Stevens S.S., Psycho-Acoustic Laboratory, Harvard University, Cambridge, MA, United States","","","","00368075","","","13225751","English","","Review","Final","","Scopus","2-s2.0-0041153003"
"Stevens S.S.","Stevens, S.S. (57218358149)","57218358149","A metric for the social consensus","1966","Science","151","3710","","530","541","11","197","10.1126/science.151.3710.530","https://www.scopus.com/inward/record.uri?eid=2-s2.0-0014005556&doi=10.1126%2fscience.151.3710.530&partnerID=40&md5=f462af0722a48465ba6323ca77c1c90d","Department of Psychophysics, Laboratory of Psychophysics, Harvard University, Cambridge, MA, United States","Stevens S.S., Department of Psychophysics, Laboratory of Psychophysics, Harvard University, Cambridge, MA, United States","","","","00368075","","","5323509","English","","Article","Final","","Scopus","2-s2.0-0014005556"
"Stevens S.S.; Galanter E.H.","Stevens, S.S. (57218358149); Galanter, E.H. (24325060000)","57218358149; 24325060000","Ratio scales and category scales for a dozen perceptual continua","1957","Journal of Experimental Psychology","54","6","","377","411","34","611","10.1037/h0043680","https://www.scopus.com/inward/record.uri?eid=2-s2.0-27644559461&doi=10.1037%2fh0043680&partnerID=40&md5=4c39c8da5897eb694d86e1afe7fc018c","Harvard U.","Stevens S.S., Harvard U.; Galanter E.H.","","","","00221015","","","13491766","English","","Article","Final","","Scopus","2-s2.0-27644559461"
"Stevens S.S.","Stevens, S.S. (57218358149)","57218358149","Measurement, statistics, and the schemapiric view","1968","Science","161","3844","","849","856","7","157","10.1126/science.161.3844.849","https://www.scopus.com/inward/record.uri?eid=2-s2.0-0014435156&doi=10.1126%2fscience.161.3844.849&partnerID=40&md5=72e76bc6a794086e6146f534d7d3b385","Department of Psychophysics, Laboratory of Psychophysics, Harvard University, Cambridge, MA, United States","Stevens S.S., Department of Psychophysics, Laboratory of Psychophysics, Harvard University, Cambridge, MA, United States","","","","00368075","","","5667519","English","","Review","Final","","Scopus","2-s2.0-0014435156"
"Stevens S.S.","Stevens, S.S. (57218358149)","57218358149","Neural events and the psychophysical law","1970","Science","170","3962","","1043","1050","7","318","10.1126/science.170.3962.1043","https://www.scopus.com/inward/record.uri?eid=2-s2.0-0014932860&doi=10.1126%2fscience.170.3962.1043&partnerID=40&md5=c2215045b4a5c6abeec2843f601f015f","Department of Psychophysics, Harvard University, Cambridge, MA 02138, United States","Stevens S.S., Department of Psychophysics, Harvard University, Cambridge, MA 02138, United States","","","","00368075","","","5475633","English","","Article","Final","","Scopus","2-s2.0-0014932860"
"Stevens S.S.","Stevens, S.S. (57218358149)","57218358149","Some similarities between hearing and seeing","1958","Laryngoscope","68","3","","508","526","18","6","10.1002/lary.5540680332","https://www.scopus.com/inward/record.uri?eid=2-s2.0-84980122040&doi=10.1002%2flary.5540680332&partnerID=40&md5=2b02a41948cfeb08423ac8b7e871449e","Harvard University, Cambridge, MA, United States","Stevens S.S., Harvard University, Cambridge, MA, United States","","","","0023852X","","","13551100","English","Laryngoscope","Article","Final","","Scopus","2-s2.0-84980122040"
"Stevens S.S.; Guirao M.","Stevens, S.S. (57218358149); Guirao, Miguelina (6603607306)","57218358149; 6603607306","Scaling of apparent viscosity","1964","Science","144","3622","","1157","1158","1","46","10.1126/science.144.3622.1157","https://www.scopus.com/inward/record.uri?eid=2-s2.0-0041187804&doi=10.1126%2fscience.144.3622.1157&partnerID=40&md5=f56fa000f6a4f76b33db6e4bda9817a7","Laboratory of Psychophysics, Harvard University, Cambridge, MA, United States","Stevens S.S., Laboratory of Psychophysics, Harvard University, Cambridge, MA, United States; Guirao M., Laboratory of Psychophysics, Harvard University, Cambridge, MA, United States","","","","00368075","","","14148443","English","","Article","Final","","Scopus","2-s2.0-0041187804"
"Stevens S.S.","Stevens, S. Smith (57218358149)","57218358149","Measurement","2017","Scaling: A Sourcebook for Behavioral Scientists","","","","22","41","19","5","","https://www.scopus.com/inward/record.uri?eid=2-s2.0-85068026960&partnerID=40&md5=74f9aba0aadc98e8fc7478f6662f7b9a","Harvard University, United States","Stevens S.S., Harvard University, United States","","","Taylor and Francis","","978-135149207-2; 978-020236175-8","","","English","Scaling: A Sourceb. for Behavioral Scientists","Book chapter","Final","","Scopus","2-s2.0-85068026960"
"Stevens S.S.","Stevens, S.S. (57218358149)","57218358149","Toward a resolution of the fechner-thurstone legacy","1961","Psychometrika","26","1","","35","47","12","14","10.1007/BF02289683","https://www.scopus.com/inward/record.uri?eid=2-s2.0-0005514130&doi=10.1007%2fBF02289683&partnerID=40&md5=5aa00f0287724f2d33888f7802f69a7c","Harvard University, United States","Stevens S.S., Harvard University, United States","","","Springer-Verlag","18600980","","","","English","Psychometrika","Article","Final","","Scopus","2-s2.0-0005514130"
"Stevens S.S.","Stevens, S.S. (57218358149)","57218358149","Operations or words?","1966","Psychological monographs","80","19","","33","38","5","23","10.1037/h0093940","https://www.scopus.com/inward/record.uri?eid=2-s2.0-0013987305&doi=10.1037%2fh0093940&partnerID=40&md5=15d62ecb9e46038070992e1517e97ced","","","","","","00969753","","","5969640","English","Psychol Monogr","Article","Final","","Scopus","2-s2.0-0013987305"
"Stevens S.S.","Stevens, S.S. (57218358149)","57218358149","Psychology and the science of science","1939","Psychological Bulletin","36","4","","221","263","42","120","10.1037/h0056886","https://www.scopus.com/inward/record.uri?eid=2-s2.0-0002192490&doi=10.1037%2fh0056886&partnerID=40&md5=5960c798bb2b3c289e4e32858e42223b","","","","","","00332909","","PSBUA","","English","Psychol. Bull.","Article","Final","","Scopus","2-s2.0-0002192490"
"Stevens S.S.; Harris J.R.","Stevens, S.S. (57218358149); Harris, Judith Rich (56315087300)","57218358149; 56315087300","The scaling of subjective roughness and smoothness","1962","Journal of Experimental Psychology","64","5","","489","494","5","115","10.1037/h0042621","https://www.scopus.com/inward/record.uri?eid=2-s2.0-0000599729&doi=10.1037%2fh0042621&partnerID=40&md5=f8353c26e0904e3a7a3351aadfa1399c","Harvard U.","Stevens S.S., Harvard U.; Harris J.R.","","","","00221015","","","13984046","English","","Article","Final","","Scopus","2-s2.0-0000599729"
"Stevens S.S.; Carton A.S.; Shickman G.M.","Stevens, S.S. (57218358149); Carton, A.S. (25955674800); Shickman, G.M. (25956988000)","57218358149; 25955674800; 25956988000","A scale of apparent intensity of electric shock","1958","Journal of Experimental Psychology","56","4","","328","334","6","64","10.1037/h0040896","https://www.scopus.com/inward/record.uri?eid=2-s2.0-0040616902&doi=10.1037%2fh0040896&partnerID=40&md5=508377a2dcdfc0753eaac815897d9bb6","","","","","","00221015","","","13587862","English","","Article","Final","","Scopus","2-s2.0-0040616902"
"STEVENS S.S.","STEVENS, S.S. (57218358149)","57218358149","Adaptation-level vs. the relativity of judgment.","1958","The American journal of psychology","71","4","","633","646","13","63","10.2307/1420322","https://www.scopus.com/inward/record.uri?eid=2-s2.0-0006977497&doi=10.2307%2f1420322&partnerID=40&md5=142b85f086e496fd939be9a070f449fb","","","","","","00029556","","","13627273","English","Am J Psychol","Article","Final","","Scopus","2-s2.0-0006977497"
"Stevens S.S.","Stevens, S.S. (57218358149)","57218358149","On Hearing by Electrical Stimulation","1937","Journal of the Acoustical Society of America","8","3","","191","195","4","35","10.1121/1.1915894","https://www.scopus.com/inward/record.uri?eid=2-s2.0-84913196868&doi=10.1121%2f1.1915894&partnerID=40&md5=4721f633b171da787d251ee14f567898","Psychological Laboratory, Harvard University, Cambridge, Massachusetts, United States","Stevens S.S., Psychological Laboratory, Harvard University, Cambridge, Massachusetts, United States","","","","00014966","","","","English","J. Acoust. Soc. Am.","Article","Final","","Scopus","2-s2.0-84913196868"
"Stevens S.S.; Greenbaum H.B.","Stevens, S.S. (57218358149); Greenbaum, Hilda B. (58286304000)","57218358149; 58286304000","Regression effect in psychophysical judgment","1966","Perception & Psychophysics","1","5","","439","446","7","211","10.3758/BF03207424","https://www.scopus.com/inward/record.uri?eid=2-s2.0-0000144132&doi=10.3758%2fBF03207424&partnerID=40&md5=247c85a63bd194821e44893adc799aa3","Harvard University, United States","Stevens S.S., Harvard University, United States; Greenbaum H.B., Harvard University, United States","","","","15325962","","PEPSB","","English","Percept. Psychophys.","Article","Final","All Open Access; Hybrid Gold Open Access","Scopus","2-s2.0-0000144132"
"Stevens S.S.","Stevens, S.S. (57218358149)","57218358149","The NAS-NRC and psychology","1952","American Psychologist","7","4","","119","124","5","2","10.1037/h0060521","https://www.scopus.com/inward/record.uri?eid=2-s2.0-58149409229&doi=10.1037%2fh0060521&partnerID=40&md5=1c6e6148ce3f781532ebd75a9e7d4557","Harvard U., Cambridge, Mass, United States","Stevens S.S., Harvard U., Cambridge, Mass, United States","","","","0003066X","","AMPSA","","English","Am. Psychol.","Article","Final","","Scopus","2-s2.0-58149409229"
"STEVENS S.S.; BORING E.G.","STEVENS, S.S. (57218358149); BORING, E.G. (16649279700)","57218358149; 16649279700","The new Harvard psychological laboratories.","1947","The American psychologist","2","7","","239","243","4","5","10.1037/h0060913","https://www.scopus.com/inward/record.uri?eid=2-s2.0-0040473959&doi=10.1037%2fh0060913&partnerID=40&md5=79c7f0171dd03c33d9fe08cc7b1b43ed","","","","","","0003066X","","","20254704","English","Am Psychol","Article","Final","","Scopus","2-s2.0-0040473959"
"Stevens S.S.","Stevens, S.S. (57218358149)","57218358149","Edwin Garrigues Boring: 1886-1968.","1968","The American journal of psychology","81","4","","589","606","17","5","","https://www.scopus.com/inward/record.uri?eid=2-s2.0-0014396474&partnerID=40&md5=1ee175e7e57efe6b11d656a60788b7ca","","","","","","00029556","","","4936653","English","Am J Psychol","Article","Final","","Scopus","2-s2.0-0014396474"
"Stevens S.S.","Stevens, S.S. (57218358149)","57218358149","Psychophysics: Introduction to its perceptual, neural and social prospects","2017","Psychophysics: Introduction to Its Perceptual, Neural and Social Prospects","","","","1","329","328","75","10.4324/9781315127675","https://www.scopus.com/inward/record.uri?eid=2-s2.0-85060646810&doi=10.4324%2f9781315127675&partnerID=40&md5=cdea31aac859a0c49cd4d022bc7d6d95","","","","","Taylor and Francis","","978-135149588-2; 978-088738643-5","","","English","Psychophys.: Introd. to Its Percept., Neural and Soc. Prospect.","Book","Final","","Scopus","2-s2.0-85060646810"
"Stevens S.S.","Stevens, S.S. (57218358149)","57218358149","Issues in psychophysical measurement","1971","Psychological Review","78","5","","426","450","24","397","10.1037/h0031324","https://www.scopus.com/inward/record.uri?eid=2-s2.0-0001000526&doi=10.1037%2fh0031324&partnerID=40&md5=7ecdd54b594b95a8fe203a3b8b328234","Harvard U","Stevens S.S., Harvard U","","","","0033295X","","PSRVA","","English","Psychol. Rev.","Article","Final","","Scopus","2-s2.0-0001000526"
"Bond B.; Stevens S.S.","Bond, Barbara (58422770300); Stevens, S.S. (57218358149)","58422770300; 57218358149","Cross-modality matching of brightness to loudness by 5-year-olds","1969","Perception & Psychophysics","6","6","","337","339","2","66","10.3758/BF03212787","https://www.scopus.com/inward/record.uri?eid=2-s2.0-0000570214&doi=10.3758%2fBF03212787&partnerID=40&md5=ead220b3e499dafdc8c1f45c3400c8f1","Laboratory of Psychophysics, Harvard University, Cambridge, 02138, Massachusetts, United States","Bond B., Laboratory of Psychophysics, Harvard University, Cambridge, 02138, Massachusetts, United States; Stevens S.S., Laboratory of Psychophysics, Harvard University, Cambridge, 02138, Massachusetts, United States","","","","15325962","","PEPSB","","English","Percept. Psychophys.","Article","Final","All Open Access; Bronze Open Access","Scopus","2-s2.0-0000570214"
"Stevens S.S.","Stevens, S.S. (57218358149)","57218358149","1971 rayleigh gold medal address: Calculating the perceived level of light and sound","1972","Journal of Sound and Vibration","23","3","","297","306","9","0","10.1016/0022-460X(72)90626-8","https://www.scopus.com/inward/record.uri?eid=2-s2.0-49649140314&doi=10.1016%2f0022-460X%2872%2990626-8&partnerID=40&md5=6a9fb39e5ebad17b2864a000797a9b3b","Laboratory of Psychophysics, Harvard University, Cambridge, MA 02138, United States","Stevens S.S., Laboratory of Psychophysics, Harvard University, Cambridge, MA 02138, United States","","","","0022460X","","JSVIA","","English","J Sound Vib","Article","Final","","Scopus","2-s2.0-49649140314"
"REESE T.S.; STEVENS S.S.","REESE, T.S. (35144058200); STEVENS, S.S. (57218358149)","35144058200; 57218358149","Subjective intensity of coffee odor.","1960","The American journal of psychology","73","","","424","428","4","13","10.2307/1420181","https://www.scopus.com/inward/record.uri?eid=2-s2.0-2042464800&doi=10.2307%2f1420181&partnerID=40&md5=1dfbb71feaacaec9f7bb715a86f3bc84","","","","","","00029556","","","13740320","English","Am J Psychol","Article","Final","","Scopus","2-s2.0-2042464800"
"Stevens S.S.","Stevens, S.S. (57218358149)","57218358149","White house dinner [7]","1964","Science","145","3628","","112","","","0","10.1126/science.145.3628.112-a","https://www.scopus.com/inward/record.uri?eid=2-s2.0-37049240609&doi=10.1126%2fscience.145.3628.112-a&partnerID=40&md5=cff87e774a5c54a70ad6d4bdd2ebeb76","Laboratory of Psychophysics, Harvard University, Cambridge 38","Stevens S.S., Laboratory of Psychophysics, Harvard University, Cambridge 38","","","","00368075","","","","English","","Letter","Final","","Scopus","2-s2.0-37049240609"
"Stevens S.S.; Poulton E.C.","Stevens, S.S. (57218358149); Poulton, E.C. (7003399381)","57218358149; 7003399381","The estimation of loudness by unpracticed observers","1956","Journal of Experimental Psychology","51","1","","71","78","7","55","10.1037/h0041089","https://www.scopus.com/inward/record.uri?eid=2-s2.0-0040273377&doi=10.1037%2fh0041089&partnerID=40&md5=ced73490be89ea3fc249640f87062249","Harvard U., Cambridge, Mass, United States","Stevens S.S., Harvard U., Cambridge, Mass, United States; Poulton E.C.","","","","00221015","","","13286443","English","","Article","Final","","Scopus","2-s2.0-0040273377"
"Stevens S.S.","Stevens, S.S. (57218358149)","57218358149","Tactile vibration: Dynamics of sensory intensity","1959","Journal of Experimental Psychology","57","4","","210","218","8","53","10.1037/h0042828","https://www.scopus.com/inward/record.uri?eid=2-s2.0-0037745739&doi=10.1037%2fh0042828&partnerID=40&md5=68e086a1aebc7ac37d16b5e32cfc4c87","","","","","","00221015","","","13641594","English","","Article","Final","","Scopus","2-s2.0-0037745739"
"Stevens S.S.; Egan J.P.; Miller G.A.","Stevens, S.S. (57218358149); Egan, J.P. (55426084400); Miller, G.A. (7404979620)","57218358149; 55426084400; 7404979620","Methods of Measuring Speech Spectra","1947","Journal of the Acoustical Society of America","19","5","","771","780","9","18","10.1121/1.1916622","https://www.scopus.com/inward/record.uri?eid=2-s2.0-84898430332&doi=10.1121%2f1.1916622&partnerID=40&md5=0ce9e0e859111214770f1de95e7bbda7","Psycho-Acoustic Laboratory, Harvard University, Cambridge, Massachusetts, United States","Stevens S.S., Psycho-Acoustic Laboratory, Harvard University, Cambridge, Massachusetts, United States; Egan J.P., Psycho-Acoustic Laboratory, Harvard University, Cambridge, Massachusetts, United States; Miller G.A., Psycho-Acoustic Laboratory, Harvard University, Cambridge, Massachusetts, United States","","","","00014966","","","","English","J. Acoust. Soc. Am.","Article","Final","All Open Access; Bronze Open Access","Scopus","2-s2.0-84898430332"
"Stevens S.S.; Volkmann J.","Stevens, S.S. (57218358149); Volkmann, J. (23084422500)","57218358149; 23084422500","The quantum of sensory discrimination","1940","Science","92","2399","","583","585","2","16","10.1126/science.92.2399.583","https://www.scopus.com/inward/record.uri?eid=2-s2.0-0040763242&doi=10.1126%2fscience.92.2399.583&partnerID=40&md5=ab063ee02bd725beddf33bd5707859fb","Harvard University; Columbia University","Stevens S.S., Harvard University; Volkmann J., Columbia University","","","","00368075","","","","English","","Article","Final","","Scopus","2-s2.0-0040763242"
"Stevens S.S.","Stevens, S.S. (57218358149)","57218358149","Proceedings of the Speech Communication Conference at M.I.T","1950","Journal of the Acoustical Society of America","22","6","","689","690","1","15","10.1121/1.1906670","https://www.scopus.com/inward/record.uri?eid=2-s2.0-84922224581&doi=10.1121%2f1.1906670&partnerID=40&md5=ecf88379004c8a9fa59dd4c6d915c668","Psycho-Acoustic Laboratory, Harvard University, Cambridge, Massachusetts, United States","Stevens S.S., Psycho-Acoustic Laboratory, Harvard University, Cambridge, Massachusetts, United States","","","","00014966","","","","English","J. Acoust. Soc. Am.","Article","Final","","Scopus","2-s2.0-84922224581"
"Hudgins C.V.; Hawkins J.E.; Karlin J.E.; Stevens S.S.","Hudgins, C.V. (55562431100); Hawkins, J.E. (7402132768); Karlin, J.E. (57214384857); Stevens, S.S. (57218358149)","55562431100; 7402132768; 57214384857; 57218358149","The development of recorded auditory tests for measuring hearing loss for speech","1947","Laryngoscope","57","1","","57","89","32","86","10.1288/00005537-194701000-00005","https://www.scopus.com/inward/record.uri?eid=2-s2.0-0001849551&doi=10.1288%2f00005537-194701000-00005&partnerID=40&md5=27532afbec6879eac5c2365be11913a2","Boston, MA, United States; Clarke School for the Deaf, United States; Merck Institute for Therapeutle Research, Rahway, NJ, United States; Bell Telephone Laboratortes, Murray Hill, NJ, United States; Psycho-Acoustic Laboratory, Harvard University, United States","Hudgins C.V., Boston, MA, United States, Clarke School for the Deaf, United States; Hawkins J.E., Boston, MA, United States, Merck Institute for Therapeutle Research, Rahway, NJ, United States; Karlin J.E., Boston, MA, United States, Bell Telephone Laboratortes, Murray Hill, NJ, United States; Stevens S.S., Boston, MA, United States, Psycho-Acoustic Laboratory, Harvard University, United States","","","","0023852X","","","20287775","English","Laryngoscope","Article","Final","","Scopus","2-s2.0-0001849551"
"Stevens S.S.","Stevens, S.S. (57218358149)","57218358149","Perceived Level of Noise by Mark VII and Decibels (E)","1972","Journal of the Acoustical Society of America","51","2B","","575","601","26","386","10.1121/1.1912880","https://www.scopus.com/inward/record.uri?eid=2-s2.0-0015297914&doi=10.1121%2f1.1912880&partnerID=40&md5=fab875eeee69354873883a4fad0c3328","Laboratory of Psychophysics, Harvard University, Cambridge, Massachusetts 02138, United States","Stevens S.S., Laboratory of Psychophysics, Harvard University, Cambridge, Massachusetts 02138, United States","","","","00014966","","","","English","J. Acoust. Soc. Am.","Article","Final","","Scopus","2-s2.0-0015297914"
"Lane H.L.; Catania A.C.; Stevens S.S.","Lane, H.L. (59835506100); Catania, A.C. (58387005100); Stevens, S.S. (57218358149)","59835506100; 58387005100; 57218358149","Voice Level: Autophonic Scale, Perceived Loudness, and Effects of Sidetone","1961","Journal of the Acoustical Society of America","33","2","","160","167","7","145","10.1121/1.1908608","https://www.scopus.com/inward/record.uri?eid=2-s2.0-0000133492&doi=10.1121%2f1.1908608&partnerID=40&md5=4960a5865c8e32f846242089974407e9","Psycho-Acoustic Laboratory, Harvard University, Cambridge, Massachusetts, United States","Lane H.L., Psycho-Acoustic Laboratory, Harvard University, Cambridge, Massachusetts, United States; Catania A.C., Psycho-Acoustic Laboratory, Harvard University, Cambridge, Massachusetts, United States; Stevens S.S., Psycho-Acoustic Laboratory, Harvard University, Cambridge, Massachusetts, United States","","","","00014966","","","","English","J. Acoust. Soc. Am.","Article","Final","","Scopus","2-s2.0-0000133492"
"Stevens S.S.","Stevens, S.S. (57218358149)","57218358149","Problems and methods of psychophysics","1958","Psychological Bulletin","55","4","","177","196","19","135","10.1037/h0044251","https://www.scopus.com/inward/record.uri?eid=2-s2.0-0000276927&doi=10.1037%2fh0044251&partnerID=40&md5=cff9af6956ba581e7ef5d7299c09d35c","","","","","","00332909","","PSBUA","13567963","English","Psychol. Bull.","Article","Final","","Scopus","2-s2.0-0000276927"
"Stevens S.S.","Stevens, S.S. (57218358149)","57218358149","Duration, luminance, and the brightness exponent","1966","Perception & Psychophysics","1","2","","96","100","4","45","10.3758/BF03210035","https://www.scopus.com/inward/record.uri?eid=2-s2.0-0242583349&doi=10.3758%2fBF03210035&partnerID=40&md5=f11a5bb187ef41576c5e64b3fe9a821b","Laboratory of Psychophysics, Harvard University, United States","Stevens S.S., Laboratory of Psychophysics, Harvard University, United States","","","","15325962","","PEPSB","","English","Percept. Psychophys.","Article","Final","All Open Access; Bronze Open Access","Scopus","2-s2.0-0242583349"
"Fowler R.D.; Stevens S.S.; Coyle F.A.; Marlowe G.H.","Fowler, R.D. (35618443900); Stevens, Sandra S. (57218358149); Coyle, F.A. (7003781119); Marlowe, Guy H. (6506022055)","35618443900; 57218358149; 7003781119; 6506022055","Comparison of Two Methods of Identifying Maladjusted College Students","1968","Journal of Psychology: Interdisciplinary and Applied","69","2","","165","168","3","0","10.1080/00223980.1968.10543462","https://www.scopus.com/inward/record.uri?eid=2-s2.0-84946649115&doi=10.1080%2f00223980.1968.10543462&partnerID=40&md5=cbcbe12bb8551623f7b1dcdf6e726b74","University of Alabama, United States","Fowler R.D., University of Alabama, United States; Stevens S.S., University of Alabama, United States; Coyle F.A., University of Alabama, United States; Marlowe G.H., University of Alabama, United States","","","","00223980","","","4385752","English","J. Psychol. Interdiscip. Appl.","Article","Final","","Scopus","2-s2.0-84946649115"
"Stevens S.S.","Stevens, S.S. (57218358149)","57218358149","Calculation of the Loudness of Complex Noise","1956","Journal of the Acoustical Society of America","28","5","","807","832","25","86","10.1121/1.1908487","https://www.scopus.com/inward/record.uri?eid=2-s2.0-84955049228&doi=10.1121%2f1.1908487&partnerID=40&md5=53eae4241d5abf2de2c9b7453ae0f6f0","Psycho-Acoustic Laboratory, Harvard University, Cambridge, Massachusetts, United States","Stevens S.S., Psycho-Acoustic Laboratory, Harvard University, Cambridge, Massachusetts, United States","","","","00014966","","","","English","J. Acoust. Soc. Am.","Article","Final","","Scopus","2-s2.0-84955049228"
"Stevens S.S.","Stevens, S.S. (57218358149)","57218358149","Cross-modality validation of subjective scales for loudness, vibration, and electric shock","1959","Journal of Experimental Psychology","57","4","","201","209","8","119","10.1037/h0048957","https://www.scopus.com/inward/record.uri?eid=2-s2.0-0001523549&doi=10.1037%2fh0048957&partnerID=40&md5=de536bbb92710919bfbf81f544e75998","","","","","","00221015","","","13641593","English","","Article","Final","","Scopus","2-s2.0-0001523549"
"Jones R.C.; Stevens S.S.; Lurie M.H.","Jones, R. Clark (56164475200); Stevens, S.S. (57218358149); Lurie, M.H. (35471514600)","56164475200; 57218358149; 35471514600","Three Mechanisms of Hearing by Electrical Stimulation","1940","Journal of the Acoustical Society of America","12","2","","281","290","9","41","10.1121/1.1916103","https://www.scopus.com/inward/record.uri?eid=2-s2.0-0010703455&doi=10.1121%2f1.1916103&partnerID=40&md5=589db9b69c5b1c141675d73afa3471e0","Harvard Medical School, Harvard University, Cambridge, Massachusetts, United States","Jones R.C., Harvard Medical School, Harvard University, Cambridge, Massachusetts, United States; Stevens S.S., Harvard Medical School, Harvard University, Cambridge, Massachusetts, United States; Lurie M.H., Harvard Medical School, Harvard University, Cambridge, Massachusetts, United States","","","","00014966","","","","English","J. Acoust. Soc. Am.","Article","Final","","Scopus","2-s2.0-0010703455"
"Stevens S.S.","Stevens, S.S. (57218358149)","57218358149","The phenomenon of masking","1935","Science","82","2130","","390","391","1","0","10.1126/science.82.2130.390","https://www.scopus.com/inward/record.uri?eid=2-s2.0-37049222717&doi=10.1126%2fscience.82.2130.390&partnerID=40&md5=b918a3e5e9fecaac95ab097d07c26d4e","Harvard University","Stevens S.S., Harvard University","","","","00368075","","","","English","","Note","Final","","Scopus","2-s2.0-37049222717"
"Stevens S.S.; Rogers M.S.; Herrnstein R.J.","Stevens, S.S. (57218358149); Rogers, M.S. (57216534446); Herrnstein, R.J. (6603876685)","57218358149; 57216534446; 6603876685","The Apparent Reduction of Loudness: A Repeat Experiment","1955","Journal of the Acoustical Society of America","27","2","","326","328","2","4","10.1121/1.1907523","https://www.scopus.com/inward/record.uri?eid=2-s2.0-84910171574&doi=10.1121%2f1.1907523&partnerID=40&md5=bc1c7c02057448ceea4314c40b678a52","Psycho-Acoustic Laboratory, Harvard University, Cambridge, Massachusetts, United States","Stevens S.S., Psycho-Acoustic Laboratory, Harvard University, Cambridge, Massachusetts, United States; Rogers M.S., Psycho-Acoustic Laboratory, Harvard University, Cambridge, Massachusetts, United States; Herrnstein R.J., Psycho-Acoustic Laboratory, Harvard University, Cambridge, Massachusetts, United States","","","","00014966","","","","English","J. Acoust. Soc. Am.","Article","Final","","Scopus","2-s2.0-84910171574"
"Stevens S.S.","Stevens, S.S. (57218358149)","57218358149","To honor Fechner and repeal his law","1961","Science","133","3446","","80","86","6","573","10.1126/science.133.3446.80","https://www.scopus.com/inward/record.uri?eid=2-s2.0-0002832280&doi=10.1126%2fscience.133.3446.80&partnerID=40&md5=8a8e1a1e5f29684fa72922fd90736ca8","Psychological Laboratories, Harvard University, Cambridge, MA, United States","Stevens S.S., Psychological Laboratories, Harvard University, Cambridge, MA, United States","","","","00368075","","","","English","","Article","Final","","Scopus","2-s2.0-0002832280"
"Stevens S.S.; Guirao M.","Stevens, S.S. (57218358149); Guirao, Miguelina (6603607306)","57218358149; 6603607306","Loudness, Reciprocality, and Partition Scales","1962","Journal of the Acoustical Society of America","34","9B","","1466","1471","5","100","10.1121/1.1918370","https://www.scopus.com/inward/record.uri?eid=2-s2.0-0000846987&doi=10.1121%2f1.1918370&partnerID=40&md5=4bc48d8fcbd815ac58fcb17ce2c375b3","Psycho-Acoustic Laboratory, Harvard University, Massachusetts, Cambridge 38, United States","Stevens S.S., Psycho-Acoustic Laboratory, Harvard University, Massachusetts, Cambridge 38, United States; Guirao M., Psycho-Acoustic Laboratory, Harvard University, Massachusetts, Cambridge 38, United States","","","","00014966","","","","English","J. Acoust. Soc. Am.","Article","Final","","Scopus","2-s2.0-0000846987"
"Stevens S.S.","Stevens, S.S. (57218358149)","57218358149","Decibels of light and sound","1955","Physics Today","8","10","","12","17","5","18","10.1063/1.3061786","https://www.scopus.com/inward/record.uri?eid=2-s2.0-0012336922&doi=10.1063%2f1.3061786&partnerID=40&md5=33e6f1ebba2763f82723f7e807b4e745","","","","","","00319228","","","","English","Phys. Today","Article","Final","","Scopus","2-s2.0-0012336922"
"Stevens S.S.; Guirao M.","Stevens, S.S. (57218358149); Guirao, Miguelina (6603607306)","57218358149; 6603607306","Subjective scaling of length and area and the matching of length to loudness and brightness","1963","Journal of Experimental Psychology","66","2","","177","186","9","132","10.1037/h0044984","https://www.scopus.com/inward/record.uri?eid=2-s2.0-0000397667&doi=10.1037%2fh0044984&partnerID=40&md5=3b79672aa1fe907d71f47efc4ecd4bb9","Harvard U.","Stevens S.S., Harvard U.; Guirao M.","","","","00221015","","","13984045","English","","Article","Final","","Scopus","2-s2.0-0000397667"
"Stevens S.S.","Stevens, S.S. (57218358149)","57218358149","The Measurement of Loudness","1955","Journal of the Acoustical Society of America","27","5","","815","829","14","338","10.1121/1.1908048","https://www.scopus.com/inward/record.uri?eid=2-s2.0-84955038407&doi=10.1121%2f1.1908048&partnerID=40&md5=b76fd774be83785df5b5af7de4125787","Psycho-Acoustic Laboratory, Harvard University, Cambridge, Massachusetts, United States","Stevens S.S., Psycho-Acoustic Laboratory, Harvard University, Cambridge, Massachusetts, United States","","","","00014966","","","","English","J. Acoust. Soc. Am.","Article","Final","","Scopus","2-s2.0-84955038407"
"Panek W.; Stevens S.S.","Panek, W. (6602119411); Stevens, S.S. (57218358149)","6602119411; 57218358149","Saturation of red: A prothetic continuum","1966","Perception & Psychophysics","1","1","","59","66","7","49","10.3758/BF03207823","https://www.scopus.com/inward/record.uri?eid=2-s2.0-0347137855&doi=10.3758%2fBF03207823&partnerID=40&md5=3163dbbf403d8a1ce680b47f0295c19a","Harvard University, United States","Panek W., Harvard University, United States; Stevens S.S., Harvard University, United States","","","","15325962","","PEPSB","","English","Percept. Psychophys.","Article","Final","All Open Access; Bronze Open Access","Scopus","2-s2.0-0347137855"
"Stevens S.S.","Stevens, S.S. (57218358149)","57218358149","Tactile vibration: Change of exponent with frequency","1968","Perception & Psychophysics","3","3","","223","228","5","51","10.3758/BF03212732","https://www.scopus.com/inward/record.uri?eid=2-s2.0-0010902683&doi=10.3758%2fBF03212732&partnerID=40&md5=31a2ca4938325a80d9efc2cdc527cae4","Laboratory of Psychophysics, Harvard University, United States","Stevens S.S., Laboratory of Psychophysics, Harvard University, United States","","","","15325962","","PEPSB","","English","Percept. Psychophys.","Article","Final","All Open Access; Bronze Open Access","Scopus","2-s2.0-0010902683"
"Stevens S.S.; Davis H.","Stevens, S.S. (57218358149); Davis, H. (55594961400)","57218358149; 55594961400","Psychophysiological Acoustics: Pitch and Loudness","1936","Journal of the Acoustical Society of America","8","1","","1","13","12","22","10.1121/1.1915845","https://www.scopus.com/inward/record.uri?eid=2-s2.0-0003144956&doi=10.1121%2f1.1915845&partnerID=40&md5=af2941ca3d2e8bda7f4713307f7b47f4","Physiology, Harvard Medical School, United States","Stevens S.S., Physiology, Harvard Medical School, United States; Davis H., Physiology, Harvard Medical School, United States","","","","00014966","","","","English","J. Acoust. Soc. Am.","Article","Final","","Scopus","2-s2.0-0003144956"
"Stevens J.C.; Mack J.D.; Stevens S.S.","Stevens, Joseph C. (7403174928); Mack, Joel D. (25956433000); Stevens, S.S. (57218358149)","7403174928; 25956433000; 57218358149","Growth of sensation on seven continua as measured by force of handgrip","1960","Journal of Experimental Psychology","59","1","","60","67","7","63","10.1037/h0040746","https://www.scopus.com/inward/record.uri?eid=2-s2.0-0000397668&doi=10.1037%2fh0040746&partnerID=40&md5=eecd21fb4ae93c15dc8913ecf057c2b3","Harvard U.","Stevens J.C., Harvard U.; Mack J.D.; Stevens S.S.","","","","00221015","","","13834534","English","","Article","Final","","Scopus","2-s2.0-0000397668"
"Indow T.; Stevens S.S.","Indow, Tarow (6701669176); Stevens, S.S. (57218358149)","6701669176; 57218358149","Scaling of saturation and hue1","1966","Perception & Psychophysics","1","4","","253","271","18","73","10.3758/BF03207390","https://www.scopus.com/inward/record.uri?eid=2-s2.0-0000632841&doi=10.3758%2fBF03207390&partnerID=40&md5=d50972df227f4a8c7fcb8c0aaf932cae","Harvard University, Harvard, United States","Indow T., Harvard University, Harvard, United States; Stevens S.S., Harvard University, Harvard, United States","","","","15325962","","PEPSB","","English","Percept. Psychophys.","Article","Final","","Scopus","2-s2.0-0000632841"
"Stevens S.S.","Stevens, S.S. (57218358149)","57218358149","Power-Group Transformations under Glare, Masking, and Recruitment","1966","Journal of the Acoustical Society of America","39","4","","725","735","10","85","10.1121/1.1909948","https://www.scopus.com/inward/record.uri?eid=2-s2.0-0011244211&doi=10.1121%2f1.1909948&partnerID=40&md5=aabad00b615d4f5c311dac4825ef6853","Laboratory of Psychophysics, Harvard University, Cambridge, Massachusetts, United States","Stevens S.S., Laboratory of Psychophysics, Harvard University, Cambridge, Massachusetts, United States","","","","00014966","","","","English","J. Acoust. Soc. Am.","Article","Final","","Scopus","2-s2.0-0011244211"
"Stevens J.C.; Stevens S.S.","Stevens, Joseph C. (7403174928); Stevens, S.S. (57218358149)","7403174928; 57218358149","Warmth and cold: Dynamics of sensory intensity","1960","Journal of Experimental Psychology","60","3","","183","192","9","77","10.1037/h0040840","https://www.scopus.com/inward/record.uri?eid=2-s2.0-58149448609&doi=10.1037%2fh0040840&partnerID=40&md5=689b0b1a216410775d3e2ed98e78beeb","Harvard U.","Stevens J.C., Harvard U.; Stevens S.S.","","","","00221015","","","13834537","English","","Article","Final","","Scopus","2-s2.0-58149448609"
"HARPER R.S.; STEVENS S.S.","HARPER, R.S. (35455312700); STEVENS, S.S. (57218358149)","35455312700; 57218358149","A psychological scale of weight and a formula for its derivation","1948","The American journal of psychology","61","3","","343","351","8","50","10.2307/1417154","https://www.scopus.com/inward/record.uri?eid=2-s2.0-0000291196&doi=10.2307%2f1417154&partnerID=40&md5=71c72651d3122bbe7f034ca9fef9de5f","","","","","","00029556","","","18874577","English","Am J Psychol","Article","Final","","Scopus","2-s2.0-0000291196"
"Stevens S.S.","Stevens, S.S. (57218358149)","57218358149","Sensory scales of taste intensity","1969","Perception & Psychophysics","6","5","","302","308","6","149","10.3758/BF03210101","https://www.scopus.com/inward/record.uri?eid=2-s2.0-0000474319&doi=10.3758%2fBF03210101&partnerID=40&md5=ab5694ff99f5fb8f68a007a50f6c974f","Laboratory of PSYChophysics, Harvard University, Cambridge, 02138, Massachusetts, William James Hall, United States","Stevens S.S., Laboratory of PSYChophysics, Harvard University, Cambridge, 02138, Massachusetts, William James Hall, United States","","","","15325962","","PEPSB","","English","Percept. Psychophys.","Article","Final","All Open Access; Bronze Open Access","Scopus","2-s2.0-0000474319"
"Stevens S.S.; Miller J.; Truscott I.","Stevens, S.S. (57218358149); Miller, Joseph (57068511900); Truscott, Ida (57068977700)","57218358149; 57068511900; 57068977700","The Masking of Speech by Sine Waves, Square Waves, and Regular and Modulated Pulses","1946","Journal of the Acoustical Society of America","18","2","","418","424","6","8","10.1121/1.1916381","https://www.scopus.com/inward/record.uri?eid=2-s2.0-2642617411&doi=10.1121%2f1.1916381&partnerID=40&md5=48e864d92f2a972a58229750c802d2c5","Psycho-Acoustic Laboratory, Harvard University, Cambridge, Massachusetts, United States","Stevens S.S., Psycho-Acoustic Laboratory, Harvard University, Cambridge, Massachusetts, United States; Miller J., Psycho-Acoustic Laboratory, Harvard University, Cambridge, Massachusetts, United States; Truscott I., Psycho-Acoustic Laboratory, Harvard University, Cambridge, Massachusetts, United States","","","","00014966","","","","English","J. Acoust. Soc. Am.","Article","Final","","Scopus","2-s2.0-2642617411"
"STEVENS S.S.","STEVENS, S.S. (57218358149)","57218358149","The direct estimation of sensory magnitudes-loudness.","1956","The American journal of psychology","69","1","","1","25","24","435","10.2307/1418112","https://www.scopus.com/inward/record.uri?eid=2-s2.0-0001925111&doi=10.2307%2f1418112&partnerID=40&md5=b3c6aa831ae688408cf57af5f6f56f30","","","","","","00029556","","","13302496","English","Am J Psychol","Article","Final","","Scopus","2-s2.0-0001925111"
"Stevens S.S.; Diamond A.L.","Stevens, S.S. (57218358149); Diamond, A.L. (25955107600)","57218358149; 25955107600","Effect of glare angle on the brightness function for a small target","1965","Vision Research","5","12","","649","659","10","15","10.1016/0042-6989(65)90038-6","https://www.scopus.com/inward/record.uri?eid=2-s2.0-0013837231&doi=10.1016%2f0042-6989%2865%2990038-6&partnerID=40&md5=124f5e27f0b35047e84504038461cc3d","Laboratory of Psychophysics, Harvard University, Cambridge, MassachusettsUSA","Stevens S.S., Laboratory of Psychophysics, Harvard University, Cambridge, MassachusettsUSA; Diamond A.L., Laboratory of Psychophysics, Harvard University, Cambridge, MassachusettsUSA","","","","00426989","","VISRA","5862585","English","Vis. Res.","Article","Final","","Scopus","2-s2.0-0013837231"
"Newman E.B.; Stevens S.S.; Davis H.","Newman, E.B. (57206131057); Stevens, S.S. (57218358149); Davis, H. (55594961400)","57206131057; 57218358149; 55594961400","Factors in the Production of Aural Harmonics and Combination Tones","1937","Journal of the Acoustical Society of America","9","2","","107","118","11","10","10.1121/1.1915914","https://www.scopus.com/inward/record.uri?eid=2-s2.0-0343450053&doi=10.1121%2f1.1915914&partnerID=40&md5=1b1a6882cee2105325fadc57bd01b716","Swarthmore College, Swarthmore, Pennsylvania, United States; Harvard University, Cambridge, Massachusetts, United States","Newman E.B., Swarthmore College, Swarthmore, Pennsylvania, United States; Stevens S.S., Harvard University, Cambridge, Massachusetts, United States; Davis H., Harvard University, Cambridge, Massachusetts, United States","","","","00014966","","","","English","J. Acoust. Soc. Am.","Article","Final","","Scopus","2-s2.0-0343450053"
"Stevens S.S.","Stevens, S.S. (57218358149)","57218358149","Concerning the measurement of brightness.","1966","Journal of the Optical Society of America","56","8","","1135","1136","1","8","10.1364/JOSA.56.001135","https://www.scopus.com/inward/record.uri?eid=2-s2.0-0013937453&doi=10.1364%2fJOSA.56.001135&partnerID=40&md5=00a0e4467279781bbdb34ccc3f543332","","","","","","00303941","","","5969100","English","J Opt Soc Am","Article","Final","","Scopus","2-s2.0-0013937453"
"Stevens S.S.","Stevens, S.S. (57218358149)","57218358149","The direct estimation of sensory magnitudes--loudness. By S. S. Stevens, 1956.","1987","The American journal of psychology","100","3-4","","664","689","25","4","10.2307/1422700","https://www.scopus.com/inward/record.uri?eid=2-s2.0-0023408906&doi=10.2307%2f1422700&partnerID=40&md5=b6c06a151b07244ac9b0c61df21182de","","","","","","00029556","","","3322062","English","Am J Psychol","Article","Final","","Scopus","2-s2.0-0023408906"
"Stevens S.S.","Stevens, S.S. (57218358149)","57218358149","A neural quantum in sensory discrimination","1972","Science","177","4051","","749","762","13","28","10.1126/science.177.4051.749","https://www.scopus.com/inward/record.uri?eid=2-s2.0-0015398967&doi=10.1126%2fscience.177.4051.749&partnerID=40&md5=a6b130fdb2c3477f34561f7b0b1e2e78","Department of Psychophysics, Harvard University","Stevens S.S., Department of Psychophysics, Harvard University","","","","00368075","","","4340757","English","","Review","Final","","Scopus","2-s2.0-0015398967"
"Stevens S.S.","Stevens, S.S. (57218358149)","57218358149","On the psychophysical law","1957","Psychological Review","64","3","","153","181","28","2298","10.1037/h0046162","https://www.scopus.com/inward/record.uri?eid=2-s2.0-34447546202&doi=10.1037%2fh0046162&partnerID=40&md5=c870d83fefa34dfa068c624baa00c75e","","","","","","0033295X","","PSRVA","13441853","English","Psychol. Rev.","Article","Final","","Scopus","2-s2.0-34447546202"
